<?xml version="1.0" encoding="UTF-8" standalone="no" ?>
<application xmlns="http://ns.adobe.com/air/application/2.6">

  <id>TRH.MummyRun</id>

  <versionNumber>1.0.0</versionNumber>

  <versionLabel/>

  <filename>MummyRun</filename>

  <description/>

  <name>Mummy Run</name>

  <copyright/>

  <initialWindow>
    <content>MummyRun.swf</content>
    <systemChrome>standard</systemChrome>
    <transparent>false</transparent>
    <visible>true</visible>
    <fullScreen>true</fullScreen>
    <aspectRatio>landscape</aspectRatio>
    <renderMode>cpu</renderMode>
    <autoOrients>false</autoOrients>
  </initialWindow>

  <icon/>

  <customUpdateUI>false</customUpdateUI>

  <allowBrowserInvocation>false</allowBrowserInvocation>

</application>
